DEP041036,,Milk Donors-Raw,,,,,,,
,Fat,Protein,Lactose,Nutr Pro,Solids,Cal,,,
Replicate,g/100g,g/100g,g/100g,g/100g,g/100g,-,,,
#01,4.24,1.07,7.14,0.98,14.25,22.06,,,
#02,4.25,1.08,7.17,0.98,14.29,22.12,,,
#03,4.25,1.08,7.18,0.98,14.3,22.12,,,
Mean,4.25,1.08,7.16,0.98,14.28,22.1,DEP041036,Milk Donors-Raw,8/1/2025 8:16:10 AM
StdDev,0.004,0.003,0.02,0.001,0.028,0.037,,,
,,,,,,,,,
DEP040955,,Milk Donors-Raw,,,,,,,
,Fat,Protein,Lactose,Nutr Pro,Solids,Cal,,,
Replicate,g/100g,g/100g,g/100g,g/100g,g/100g,-,,,
#01,1.37,1.03,7.11,0.96,10.76,13.96,,,
#02,1.37,1.03,7.11,0.96,10.75,13.95,,,
#03,1.36,1.03,7.12,0.96,10.77,13.97,,,
Mean,1.36,1.03,7.11,0.96,10.76,13.96,DEP040955,Milk Donors-Raw,8/1/2025 8:17:54 AM
StdDev,0.003,0.002,0.01,0.001,0.009,0.007,,,
,,,,,,,,,
DEP040933,,Milk Donors-Raw,,,,,,,
,Fat,Protein,Lactose,Nutr Pro,Solids,Cal,,,
Replicate,g/100g,g/100g,g/100g,g/100g,g/100g,-,,,
#01,3.49,1.23,7.06,1.05,13.39,20.14,,,
#02,3.5,1.22,7.06,1.05,13.39,20.14,,,
#03,3.5,1.23,7.07,1.05,13.41,20.17,,,
Mean,3.5,1.23,7.06,1.05,13.4,20.15,DEP040933,Milk Donors-Raw,7/31/2025 8:22:00 AM
StdDev,0.002,0.002,0.009,0.001,0.011,0.017,,,
,,,,,,,,,
DEP040767,,Milk Donors-Raw,,,,,,,
,Fat,Protein,Lactose,Nutr Pro,Solids,Cal,,,
Replicate,g/100g,g/100g,g/100g,g/100g,g/100g,-,,,
#01,4.27,0.91,6.98,0.9,13.76,21.65,,,
#02,4.27,0.91,6.99,0.9,13.77,21.67,,,
#03,4.27,0.91,6.99,0.91,13.78,21.68,,,
Mean,4.27,0.91,6.98,0.91,13.77,21.67,DEP040767,Milk Donors-Raw,7/30/2025 8:09:10 AM
StdDev,0.001,0.002,0.007,0.001,0.009,0.013,,,
,,,,,,,,,
DEP040687,,Milk Donors-Raw,,,,,,,
,Fat,Protein,Lactose,Nutr Pro,Solids,Cal,,,
Replicate,g/100g,g/100g,g/100g,g/100g,g/100g,-,,,
#01,3.74,0.93,7.16,0.91,13.71,20.43,,,
#02,3.73,0.93,7.16,0.91,13.71,20.43,,,
#03,3.73,0.93,7.17,0.91,13.72,20.43,,,
Mean,3.73,0.93,7.16,0.91,13.71,20.43,DEP040687,Milk Donors-Raw,8/1/2025 8:25:09 AM
StdDev,0.002,0.002,0.007,0.001,0.005,0.001,,,
,,,,,,,,,
DEP040686,,Milk Donors-Raw,,,,,,,
,Fat,Protein,Lactose,Nutr Pro,Solids,Cal,,,
Replicate,g/100g,g/100g,g/100g,g/100g,g/100g,-,,,
#01,3.61,0.96,7.24,0.93,13.56,20.23,,,
#02,3.61,0.95,7.26,0.93,13.57,20.25,,,
#03,3.62,0.95,7.23,0.92,13.54,20.24,,,
Mean,3.62,0.95,7.24,0.92,13.55,20.24,DEP040686,Milk Donors-Raw,7/30/2025 8:19:07 AM
StdDev,0.006,0.002,0.013,0.001,0.018,0.008,,,
,,,,,,,,,
DEP040670,,Milk Donors-Raw,,,,,,,
,Fat,Protein,Lactose,Nutr Pro,Solids,Cal,,,
Replicate,g/100g,g/100g,g/100g,g/100g,g/100g,-,,,
#01,3.93,0.9,7.09,0.9,13.59,20.83,,,
#02,3.93,0.9,7.1,0.9,13.59,20.83,,,
#03,3.92,0.9,7.1,0.9,13.6,20.83,,,
Mean,3.92,0.9,7.1,0.9,13.59,20.83,DEP040670,Milk Donors-Raw,7/30/2025 8:13:30 AM
StdDev,0.002,0.002,0.004,0.001,0.003,0.001,,,
,,,,,,,,,
DEP040636,,Milk Donors-Raw,,,,,,,
,Fat,Protein,Lactose,Nutr Pro,Solids,Cal,,,
Replicate,g/100g,g/100g,g/100g,g/100g,g/100g,-,,,
#01,3.41,0.89,7.35,0.9,13.3,19.69,,,
#02,3.43,0.89,7.33,0.9,13.27,19.71,,,
#03,3.41,0.89,7.36,0.9,13.3,19.71,,,
Mean,3.42,0.89,7.35,0.9,13.29,19.7,DEP040636,Milk Donors-Raw,8/1/2025 8:06:30 AM
StdDev,0.01,0.001,0.014,0.001,0.016,0.012,,,
,,,,,,,,,
DEP040612,,Milk Donors-Raw,,,,,,,
,Fat,Protein,Lactose,Nutr Pro,Solids,Cal,,,
Replicate,g/100g,g/100g,g/100g,g/100g,g/100g,-,,,
#01,3.19,0.96,6.66,0.93,12.06,18.38,,,
#02,3.19,0.97,6.69,0.93,12.1,18.43,,,
#03,3.19,0.97,6.69,0.93,12.11,18.43,,,
Mean,3.19,0.97,6.68,0.93,12.09,18.41,DEP040612,Milk Donors-Raw,7/29/2025 8:39:59 AM
StdDev,0.002,0.003,0.019,0.002,0.029,0.029,,,
,,,,,,,,,
DEP040587,,Milk Donors-Raw,,,,,,,
,Fat,Protein,Lactose,Nutr Pro,Solids,Cal,,,
Replicate,g/100g,g/100g,g/100g,g/100g,g/100g,-,,,
#01,3.49,0.86,6.75,0.88,12.67,19.15,,,
#02,3.49,0.86,6.75,0.88,12.67,19.15,,,
#03,3.48,0.86,6.78,0.88,12.69,19.13,,,
Mean,3.49,0.86,6.76,0.88,12.68,19.14,DEP040587,Milk Donors-Raw,7/29/2025 8:30:14 AM
StdDev,0.01,0.001,0.014,0.001,0.015,0.009,,,
,,,,,,,,,
DEP040576,,Milk Donors-Raw,,,,,,,
,Fat,Protein,Lactose,Nutr Pro,Solids,Cal,,,
Replicate,g/100g,g/100g,g/100g,g/100g,g/100g,-,,,
#01,3.39,1.26,6.89,1.06,12.97,19.7,,,
#02,3.38,1.27,6.9,1.07,12.99,19.73,,,
#03,3.38,1.26,6.9,1.07,12.99,19.71,,,
Mean,3.38,1.27,6.9,1.07,12.98,19.71,DEP040576,Milk Donors-Raw,7/29/2025 8:38:11 AM
StdDev,0.002,0.003,0.007,0.002,0.013,0.011,,,
,,,,,,,,,
DEP040560,,Milk Donors-Raw,,,,,,,
,Fat,Protein,Lactose,Nutr Pro,Solids,Cal,,,
Replicate,g/100g,g/100g,g/100g,g/100g,g/100g,-,,,
#01,4.23,1.22,6.69,1.04,13.84,21.73,,,
#02,4.23,1.21,6.69,1.04,13.84,21.73,,,
#03,4.24,1.22,6.69,1.04,13.84,21.75,,,
Mean,4.23,1.22,6.69,1.04,13.84,21.74,DEP040560,Milk Donors-Raw,7/31/2025 8:14:36 AM
StdDev,0.004,0.002,0,0.001,0.002,0.012,,,
,,,,,,,,,
DEP040281,,Milk Donors-Raw,,,,,,,
,Fat,Protein,Lactose,Nutr Pro,Solids,Cal,,,
Replicate,g/100g,g/100g,g/100g,g/100g,g/100g,-,,,
#01,3.19,0.99,6.79,0.94,12.35,18.58,,,
#02,3.19,0.99,6.77,0.94,12.34,18.56,,,
#03,3.19,0.99,6.8,0.94,12.37,18.58,,,
Mean,3.19,0.99,6.79,0.94,12.35,18.57,DEP040281,Milk Donors-Raw,7/30/2025 8:22:55 AM
StdDev,0.002,0.001,0.011,0.001,0.014,0.014,,,
,,,,,,,,,
DEP040276,,Milk Donors-Raw,,,,,,,
,Fat,Protein,Lactose,Nutr Pro,Solids,Cal,,,
Replicate,g/100g,g/100g,g/100g,g/100g,g/100g,-,,,
#01,2.94,0.93,6.21,0.91,11.31,17.09,,,
#02,2.93,0.93,6.22,0.92,11.33,17.1,,,
#03,2.93,0.94,6.24,0.92,11.35,17.1,,,
Mean,2.93,0.93,6.22,0.92,11.33,17.1,DEP040276,Milk Donors-Raw,7/31/2025 8:12:28 AM
StdDev,0.006,0.004,0.014,0.002,0.022,0.005,,,
,,,,,,,,,
DEP040253,,Milk Donors-Raw,,,,,,,
,Fat,Protein,Lactose,Nutr Pro,Solids,Cal,,,
Replicate,g/100g,g/100g,g/100g,g/100g,g/100g,-,,,
#01,5.04,1.18,7.01,1.03,15.26,24.3,,,
#02,5.03,1.18,7.01,1.03,15.26,24.28,,,
#03,5.04,1.19,7.04,1.03,15.32,24.34,,,
Mean,5.04,1.18,7.02,1.03,15.28,24.31,DEP040253,Milk Donors-Raw,7/29/2025 8:35:52 AM
StdDev,0.005,0.003,0.016,0.002,0.032,0.032,,,
,,,,,,,,,
DEP039945,,Milk Donors-Raw,,,,,,,
,Fat,Protein,Lactose,Nutr Pro,Solids,Cal,,,
Replicate,g/100g,g/100g,g/100g,g/100g,g/100g,-,,,
#01,4.54,1.19,6.92,1.03,14.29,22.83,,,
#02,4.54,1.19,6.91,1.03,14.28,22.81,,,
#03,4.53,1.19,6.94,1.03,14.31,22.82,,,
Mean,4.54,1.19,6.92,1.03,14.3,22.82,DEP039945,Milk Donors-Raw,7/28/2025 8:06:07 AM
StdDev,0.004,0.002,0.013,0.001,0.015,0.01,,,
,,,,,,,,,
DEP039876,,Milk Donors-Raw,,,,,,,
,Fat,Protein,Lactose,Nutr Pro,Solids,Cal,,,
Replicate,g/100g,g/100g,g/100g,g/100g,g/100g,-,,,
#01,3.92,1.16,6.67,1.02,13.49,20.75,,,
Mean,3.92,1.16,6.67,1.02,13.49,20.75,DEP039876,Milk Donors-Raw,7/31/2025 8:32:11 AM
,,,,,,,,,
DEP039777,,Milk Donors-Raw,,,,,,,
,Fat,Protein,Lactose,Nutr Pro,Solids,Cal,,,
Replicate,g/100g,g/100g,g/100g,g/100g,g/100g,-,,,
#01,4.23,1.04,7.03,0.96,14.19,21.83,,,
#02,4.24,1.03,7.04,0.96,14.2,21.85,,,
#03,4.24,1.03,7.02,0.96,14.18,21.84,,,
Mean,4.24,1.03,7.03,0.96,14.19,21.84,DEP039777,Milk Donors-Raw,7/29/2025 8:18:40 AM
StdDev,0.005,0.001,0.009,0,0.009,0.013,,,
,,,,,,,,,
DEP039619,,Milk Donors-Raw,,,,,,,
,Fat,Protein,Lactose,Nutr Pro,Solids,Cal,,,
Replicate,g/100g,g/100g,g/100g,g/100g,g/100g,-,,,
#01,3.41,0.95,7.17,0.92,13.13,19.59,,,
#02,3.42,0.95,7.15,0.92,13.09,19.57,,,
#03,3.42,0.95,7.2,0.92,13.15,19.63,,,
Mean,3.42,0.95,7.17,0.92,13.12,19.59,DEP039619,Milk Donors-Raw,7/31/2025 8:17:40 AM
StdDev,0.002,0.002,0.02,0.001,0.03,0.029,,,
,,,,,,,,,
DEP039555,,Milk Donors-Raw,,,,,,,
,Fat,Protein,Lactose,Nutr Pro,Solids,Cal,,,
Replicate,g/100g,g/100g,g/100g,g/100g,g/100g,-,,,
#01,3.33,1.18,6.93,1.03,13.07,19.45,,,
#02,3.31,1.18,6.93,1.03,13.07,19.4,,,
#03,3.31,1.19,6.93,1.03,13.08,19.41,,,
Mean,3.31,1.19,6.93,1.03,13.07,19.42,DEP039555,Milk Donors-Raw,7/31/2025 8:24:15 AM
StdDev,0.011,0.002,0.002,0.001,0.004,0.027,,,
,,,,,,,,,
DEP039488,,Milk Donors-Raw,,,,,,,
,Fat,Protein,Lactose,Nutr Pro,Solids,Cal,,,
Replicate,g/100g,g/100g,g/100g,g/100g,g/100g,-,,,
#01,4.02,1.2,7.06,1.04,13.72,21.55,,,
#02,4.01,1.21,7.08,1.04,13.75,21.57,,,
#03,4.03,1.21,7.09,1.04,13.78,21.64,,,
Mean,4.02,1.21,7.08,1.04,13.75,21.58,DEP039488,Milk Donors-Raw,7/28/2025 8:15:49 AM
StdDev,0.008,0.004,0.018,0.002,0.031,0.047,,,
,,,,,,,,,
DEP039406,,Milk Donors-Raw,,,,,,,
,Fat,Protein,Lactose,Nutr Pro,Solids,Cal,,,
Replicate,g/100g,g/100g,g/100g,g/100g,g/100g,-,,,
#01,3.07,1.12,6.75,1,12.53,18.41,,,
#02,3.06,1.12,6.76,1,12.54,18.41,,,
#03,3.06,1.12,6.79,1,12.58,18.44,,,
Mean,3.07,1.12,6.76,1,12.55,18.42,DEP039406,Milk Donors-Raw,7/30/2025 8:15:19 AM
StdDev,0.006,0.002,0.022,0.001,0.028,0.015,,,
,,,,,,,,,
DEP039315,,Milk Donors-Raw,,,,,,,
,Fat,Protein,Lactose,Nutr Pro,Solids,Cal,,,
Replicate,g/100g,g/100g,g/100g,g/100g,g/100g,-,,,
#01,3.52,1.11,6.9,1,12.88,19.83,,,
#02,3.52,1.11,6.91,1,12.9,19.84,,,
#03,3.52,1.12,6.93,1,12.92,19.87,,,
Mean,3.52,1.11,6.91,1,12.9,19.85,DEP039315,Milk Donors-Raw,7/28/2025 8:19:30 AM
StdDev,0.001,0.002,0.013,0.001,0.02,0.02,,,
,,,,,,,,,
DEP039197,,Milk Donors-Raw,,,,,,,
,Fat,Protein,Lactose,Nutr Pro,Solids,Cal,,,
Replicate,g/100g,g/100g,g/100g,g/100g,g/100g,-,,,
#01,4.32,1.48,7.24,1.16,15.22,23.07,,,
#02,4.32,1.48,7.27,1.16,15.28,23.11,,,
#03,4.32,1.48,7.25,1.16,15.24,23.09,,,
Mean,4.32,1.48,7.25,1.16,15.25,23.09,DEP039197,Milk Donors-Raw,7/29/2025 8:46:10 AM
StdDev,0.003,0.003,0.016,0.001,0.026,0.017,,,
,,,,,,,,,
DEP039155,,Milk Donors-Raw,,,,,,,
,Fat,Protein,Lactose,Nutr Pro,Solids,Cal,,,
Replicate,g/100g,g/100g,g/100g,g/100g,g/100g,-,,,
#01,3.61,1.19,7.02,1.03,13.35,20.36,,,
#02,3.6,1.19,7,1.03,13.32,20.32,,,
#03,3.59,1.19,7,1.03,13.3,20.29,,,
Mean,3.6,1.19,7.01,1.03,13.32,20.32,DEP039155,Milk Donors-Raw,7/28/2025 8:17:21 AM
StdDev,0.007,0.003,0.014,0.001,0.023,0.035,,,
,,,,,,,,,
DEP039126,,Milk Donors-Raw,,,,,,,
,Fat,Protein,Lactose,Nutr Pro,Solids,Cal,,,
Replicate,g/100g,g/100g,g/100g,g/100g,g/100g,-,,,
#01,3.18,1.06,7.07,0.97,12.91,18.99,,,
#02,3.17,1.06,7.08,0.97,12.92,18.98,,,
#03,3.17,1.06,7.12,0.97,12.98,19.04,,,
Mean,3.17,1.06,7.09,0.97,12.94,19,DEP039126,Milk Donors-Raw,7/29/2025 8:28:34 AM
StdDev,0.004,0.003,0.026,0.001,0.036,0.031,,,
,,,,,,,,,
DEP039087,,Milk Donors-Raw,,,,,,,
,Fat,Protein,Lactose,Nutr Pro,Solids,Cal,,,
Replicate,g/100g,g/100g,g/100g,g/100g,g/100g,-,,,
#01,4.88,1.08,7.31,0.98,15.35,24.04,,,
#02,4.89,1.08,7.3,0.98,15.34,24.05,,,
#03,4.89,1.08,7.32,0.98,15.36,24.08,,,
Mean,4.89,1.08,7.31,0.98,15.35,24.06,DEP039087,Milk Donors-Raw,7/31/2025 8:09:25 AM
StdDev,0.007,0.001,0.01,0,0.012,0.024,,,
,,,,,,,,,
DEP039068,,Milk Donors-Raw,,,,,,,
,Fat,Protein,Lactose,Nutr Pro,Solids,Cal,,,
Replicate,g/100g,g/100g,g/100g,g/100g,g/100g,-,,,
#01,2.23,1.04,7.29,0.97,11.97,16.62,,,
#02,2.23,1.05,7.31,0.97,11.99,16.63,,,
#03,2.24,1.05,7.32,0.97,12.01,16.66,,,
Mean,2.23,1.05,7.31,0.97,11.99,16.63,DEP039068,Milk Donors-Raw,7/29/2025 8:26:52 AM
StdDev,0.002,0.004,0.012,0.002,0.021,0.023,,,
,,,,,,,,,
DEP039045,,Milk Donors-Raw,,,,,,,
,Fat,Protein,Lactose,Nutr Pro,Solids,Cal,,,
Replicate,g/100g,g/100g,g/100g,g/100g,g/100g,-,,,
#01,3.38,1.31,7.13,1.08,13.53,20.04,,,
#02,3.38,1.31,7.14,1.09,13.55,20.07,,,
#03,3.39,1.31,7.15,1.08,13.56,20.1,,,
Mean,3.38,1.31,7.14,1.09,13.55,20.07,DEP039045,Milk Donors-Raw,7/30/2025 8:11:50 AM
StdDev,0.006,0.002,0.01,0.001,0.012,0.029,,,
,,,,,,,,,
DEP039022,,Milk Donors-Raw,,,,,,,
,Fat,Protein,Lactose,Nutr Pro,Solids,Cal,,,
Replicate,g/100g,g/100g,g/100g,g/100g,g/100g,-,,,
#01,3.56,0.9,6.95,0.9,12.97,19.65,,,
#02,3.56,0.9,6.95,0.9,12.97,19.64,,,
#03,3.56,0.9,6.97,0.9,12.99,19.66,,,
Mean,3.56,0.9,6.96,0.9,12.97,19.65,DEP039022,Milk Donors-Raw,8/1/2025 8:31:26 AM
StdDev,0.003,0.001,0.01,0,0.01,0.013,,,
,,,,,,,,,
DEP039001,,Milk Donors-Raw,,,,,,,
,Fat,Protein,Lactose,Nutr Pro,Solids,Cal,,,
Replicate,g/100g,g/100g,g/100g,g/100g,g/100g,-,,,
#01,3.61,1.52,6.99,1.18,13.98,20.88,,,
#02,3.61,1.52,6.99,1.18,13.98,20.87,,,
#03,3.59,1.52,6.99,1.18,13.98,20.82,,,
Mean,3.6,1.52,6.99,1.18,13.98,20.86,DEP039001,Milk Donors-Raw,7/28/2025 8:24:26 AM
StdDev,0.012,0.001,0.001,0.001,0.003,0.033,,,
,,,,,,,,,
DEP038960,,Milk Donors-Raw,,,,,,,
,Fat,Protein,Lactose,Nutr Pro,Solids,Cal,,,
Replicate,g/100g,g/100g,g/100g,g/100g,g/100g,-,,,
#01,3.92,1.2,6.87,1.04,13.72,21.04,,,
#02,3.92,1.2,6.86,1.04,13.7,21.04,,,
#03,3.89,1.2,6.88,1.04,13.71,21,,,
Mean,3.91,1.2,6.87,1.04,13.71,21.02,DEP038960,Milk Donors-Raw,7/29/2025 8:24:34 AM
StdDev,0.015,0.001,0.013,0.001,0.011,0.025,,,
,,,,,,,,,
DEP038861,,Milk Donors-Raw,,,,,,,
,Fat,Protein,Lactose,Nutr Pro,Solids,Cal,,,
Replicate,g/100g,g/100g,g/100g,g/100g,g/100g,-,,,
#01,3.04,1.16,7.35,1.02,13.21,19.11,,,
#02,3.03,1.17,7.36,1.02,13.24,19.12,,,
#03,3.02,1.17,7.39,1.02,13.26,19.11,,,
Mean,3.03,1.17,7.37,1.02,13.24,19.11,DEP038861,Milk Donors-Raw,7/30/2025 8:25:53 AM
StdDev,0.009,0.002,0.018,0.001,0.022,0.003,,,
,,,,,,,,,
DEP038836,,Milk Donors-Raw,,,,,,,
,Fat,Protein,Lactose,Nutr Pro,Solids,Cal,,,
Replicate,g/100g,g/100g,g/100g,g/100g,g/100g,-,,,
#01,3.22,1.27,7.17,1.07,13.6,19.58,,,
#02,3.22,1.27,7.19,1.07,13.63,19.62,,,
#03,3.22,1.28,7.21,1.07,13.65,19.63,,,
Mean,3.22,1.27,7.19,1.07,13.63,19.61,DEP038836,Milk Donors-Raw,7/30/2025 8:17:29 AM
StdDev,0.002,0.002,0.018,0.001,0.024,0.025,,,
,,,,,,,,,
DEP038818,,Milk Donors-Raw,,,,,,,
,Fat,Protein,Lactose,Nutr Pro,Solids,Cal,,,
Replicate,g/100g,g/100g,g/100g,g/100g,g/100g,-,,,
#01,4.09,1.15,7.43,1.01,14.84,22.11,,,
#02,4.1,1.15,7.44,1.01,14.84,22.13,,,
#03,4.09,1.14,7.44,1.01,14.83,22.11,,,
Mean,4.09,1.15,7.43,1.01,14.84,22.12,DEP038818,Milk Donors-Raw,7/29/2025 8:34:09 AM
StdDev,0.004,0.002,0.006,0.001,0.003,0.013,,,
,,,,,,,,,
DEP038712,,Milk Donors-Raw,,,,,,,
,Fat,Protein,Lactose,Nutr Pro,Solids,Cal,,,
Replicate,g/100g,g/100g,g/100g,g/100g,g/100g,-,,,
#01,3.33,1.1,7.25,0.99,13.41,19.7,,,
#02,3.31,1.09,7.26,0.99,13.4,19.64,,,
#03,3.3,1.1,7.29,0.99,13.44,19.66,,,
Mean,3.31,1.1,7.27,0.99,13.42,19.67,DEP038712,Milk Donors-Raw,7/30/2025 8:07:27 AM
StdDev,0.014,0.005,0.019,0.002,0.017,0.032,,,
,,,,,,,,,
DEP038705,,Milk Donors-Raw,,,,,,,
,Fat,Protein,Lactose,Nutr Pro,Solids,Cal,,,
Replicate,g/100g,g/100g,g/100g,g/100g,g/100g,-,,,
#01,3.29,1.2,6.99,1.04,13.03,19.45,,,
#02,3.28,1.2,7.01,1.04,13.05,19.45,,,
#03,3.3,1.21,7,1.04,13.06,19.5,,,
Mean,3.29,1.2,7,1.04,13.04,19.47,DEP038705,Milk Donors-Raw,7/31/2025 8:28:26 AM
StdDev,0.01,0.003,0.01,0.001,0.016,0.031,,,
,,,,,,,,,
DEP038700,,Milk Donors-Raw,,,,,,,
,Fat,Protein,Lactose,Nutr Pro,Solids,Cal,,,
Replicate,g/100g,g/100g,g/100g,g/100g,g/100g,-,,,
#01,4.19,1.46,7.16,1.15,14.67,22.59,,,
#02,4.19,1.46,7.15,1.15,14.66,22.57,,,
#03,4.2,1.46,7.16,1.15,14.65,22.59,,,
Mean,4.19,1.46,7.16,1.15,14.66,22.58,DEP038700,Milk Donors-Raw,7/30/2025 8:24:24 AM
StdDev,0.004,0.002,0.006,0.001,0.007,0.014,,,
,,,,,,,,,
DEP038662,,Milk Donors-Raw,,,,,,,
,Fat,Protein,Lactose,Nutr Pro,Solids,Cal,,,
Replicate,g/100g,g/100g,g/100g,g/100g,g/100g,-,,,
#01,3.68,1.5,6.84,1.17,13.88,20.84,,,
#02,3.67,1.5,6.83,1.17,13.86,20.83,,,
#03,3.68,1.5,6.83,1.17,13.86,20.84,,,
Mean,3.68,1.5,6.83,1.17,13.87,20.84,DEP038662,Milk Donors-Raw,7/31/2025 8:06:50 AM
StdDev,0.002,0.001,0.004,0.001,0.01,0.008,,,
,,,,,,,,,
DEP038604,,Milk Donors-Raw,,,,,,,
,Fat,Protein,Lactose,Nutr Pro,Solids,Cal,,,
Replicate,g/100g,g/100g,g/100g,g/100g,g/100g,-,,,
#01,3.9,1.19,7.07,1.03,14.02,21.21,,,
#02,3.9,1.19,7.09,1.03,14.04,21.24,,,
#03,3.91,1.2,7.09,1.03,14.04,21.26,,,
Mean,3.9,1.19,7.08,1.03,14.03,21.24,DEP038604,Milk Donors-Raw,7/31/2025 8:16:10 AM
StdDev,0.004,0.005,0.008,0.002,0.015,0.025,,,
,,,,,,,,,
DEP038532,,Milk Donors-Raw,,,,,,,
,Fat,Protein,Lactose,Nutr Pro,Solids,Cal,,,
Replicate,g/100g,g/100g,g/100g,g/100g,g/100g,-,,,
#01,4.29,1.04,7.19,0.96,14.27,22.19,,,
#02,4.3,1.03,7.2,0.96,14.27,22.22,,,
#03,4.31,1.04,7.2,0.96,14.27,22.24,,,
Mean,4.3,1.04,7.2,0.96,14.27,22.21,DEP038532,Milk Donors-Raw,7/28/2025 8:21:01 AM
StdDev,0.009,0.004,0.004,0.002,0.004,0.025,,,
,,,,,,,,,
DEP038516,,Milk Donors-Raw,,,,,,,
,Fat,Protein,Lactose,Nutr Pro,Solids,Cal,,,
Replicate,g/100g,g/100g,g/100g,g/100g,g/100g,-,,,
#01,4.89,1.16,7.37,1.02,15.54,24.27,,,
#02,4.89,1.16,7.38,1.02,15.55,24.29,,,
#03,4.9,1.16,7.36,1.02,15.52,24.28,,,
Mean,4.9,1.16,7.37,1.02,15.53,24.28,DEP038516,Milk Donors-Raw,7/29/2025 8:22:51 AM
StdDev,0.006,0.002,0.007,0.001,0.013,0.009,,,
,,,,,,,,,
DEP038485,,Milk Donors-Raw,,,,,,,
,Fat,Protein,Lactose,Nutr Pro,Solids,Cal,,,
Replicate,g/100g,g/100g,g/100g,g/100g,g/100g,-,,,
#01,4.02,0.94,6.94,0.92,13.5,20.96,,,
#02,4.04,0.94,6.95,0.92,13.52,21.04,,,
#03,4.03,0.94,6.94,0.92,13.5,20.99,,,
Mean,4.03,0.94,6.94,0.92,13.51,21,DEP038485,Milk Donors-Raw,7/28/2025 8:13:39 AM
StdDev,0.011,0.003,0.005,0.001,0.012,0.04,,,
,,,,,,,,,
DEP038481,,Milk Donors-Raw,,,,,,,
,Fat,Protein,Lactose,Nutr Pro,Solids,Cal,,,
Replicate,g/100g,g/100g,g/100g,g/100g,g/100g,-,,,
#01,3.35,0.87,6.66,0.89,12.43,18.68,,,
#02,3.35,0.88,6.69,0.89,12.49,18.72,,,
#03,3.37,0.88,6.7,0.89,12.49,18.76,,,
Mean,3.36,0.88,6.68,0.89,12.47,18.72,DEP038481,Milk Donors-Raw,7/29/2025 8:44:39 AM
StdDev,0.009,0.007,0.018,0.003,0.034,0.041,,,
,,,,,,,,,
DEP038479,,Milk Donors-Raw,,,,,,,
,Fat,Protein,Lactose,Nutr Pro,Solids,Cal,,,
Replicate,g/100g,g/100g,g/100g,g/100g,g/100g,-,,,
#01,3.33,0.91,7,0.9,12.84,19.08,,,
#02,3.32,0.91,7.01,0.9,12.85,19.06,,,
#03,3.34,0.91,6.99,0.9,12.82,19.09,,,
Mean,3.33,0.91,7,0.9,12.84,19.08,DEP038479,Milk Donors-Raw,8/1/2025 8:23:26 AM
StdDev,0.008,0.001,0.009,0,0.014,0.012,,,
,,,,,,,,,
DEP038422,,Milk Donors-Raw,,,,,,,
,Fat,Protein,Lactose,Nutr Pro,Solids,Cal,,,
Replicate,g/100g,g/100g,g/100g,g/100g,g/100g,-,,,
#01,3.15,1.05,7.12,0.97,12.64,18.98,,,
#02,3.16,1.05,7.14,0.97,12.67,19.02,,,
#03,3.16,1.05,7.15,0.97,12.68,19.01,,,
Mean,3.16,1.05,7.14,0.97,12.66,19,DEP038422,Milk Donors-Raw,7/28/2025 8:26:34 AM
StdDev,0.006,0.002,0.011,0.001,0.017,0.025,,,
,,,,,,,,,
DEP038414,,Milk Donors-Raw,,,,,,,
,Fat,Protein,Lactose,Nutr Pro,Solids,Cal,,,
Replicate,g/100g,g/100g,g/100g,g/100g,g/100g,-,,,
#01,4.06,1.2,7.16,1.04,14.35,21.78,,,
#02,4.06,1.21,7.19,1.04,14.39,21.84,,,
#03,4.05,1.21,7.18,1.04,14.38,21.81,,,
Mean,4.06,1.21,7.17,1.04,14.37,21.81,DEP038414,Milk Donors-Raw,7/28/2025 8:10:07 AM
StdDev,0.004,0.006,0.014,0.003,0.022,0.03,,,
,,,,,,,,,
DEP038344,,Milk Donors-Raw,,,,,,,
,Fat,Protein,Lactose,Nutr Pro,Solids,Cal,,,
Replicate,g/100g,g/100g,g/100g,g/100g,g/100g,-,,,
#01,3.39,1.52,7.04,1.18,13.75,20.34,,,
#02,3.4,1.53,7.03,1.19,13.76,20.37,,,
#03,3.4,1.53,7.06,1.19,13.78,20.38,,,
Mean,3.4,1.53,7.04,1.18,13.76,20.37,DEP038344,Milk Donors-Raw,7/31/2025 8:19:55 AM
StdDev,0.007,0.004,0.014,0.002,0.016,0.025,,,
,,,,,,,,,
DEP038311,,Milk Donors-Raw,,,,,,,
,Fat,Protein,Lactose,Nutr Pro,Solids,Cal,,,
Replicate,g/100g,g/100g,g/100g,g/100g,g/100g,-,,,
#01,6.19,0.93,7.13,0.91,16.84,27.2,,,
#02,6.21,0.93,7.15,0.92,16.88,27.29,,,
#03,6.2,0.92,7.12,0.91,16.82,27.2,,,
Mean,6.2,0.93,7.13,0.91,16.85,27.23,DEP038311,Milk Donors-Raw,8/1/2025 8:19:41 AM
StdDev,0.011,0.005,0.012,0.002,0.029,0.05,,,
,,,,,,,,,
DEP038303,,Milk Donors-Raw,,,,,,,
,Fat,Protein,Lactose,Nutr Pro,Solids,Cal,,,
Replicate,g/100g,g/100g,g/100g,g/100g,g/100g,-,,,
#01,4.66,1.2,7.05,1.03,14.87,23.31,,,
#02,4.65,1.2,7.06,1.03,14.9,23.31,,,
#03,4.65,1.2,7.09,1.04,14.93,23.35,,,
Mean,4.66,1.2,7.07,1.04,14.9,23.32,DEP038303,Milk Donors-Raw,7/29/2025 8:32:30 AM
StdDev,0.002,0.003,0.017,0.001,0.03,0.022,,,
,,,,,,,,,
DEP038213,,Milk Donors-Raw,,,,,,,
,Fat,Protein,Lactose,Nutr Pro,Solids,Cal,,,
Replicate,g/100g,g/100g,g/100g,g/100g,g/100g,-,,,
#01,3.23,1.3,7.25,1.08,13.33,19.77,,,
#02,3.22,1.3,7.25,1.08,13.33,19.75,,,
#03,3.24,1.3,7.22,1.08,13.3,19.77,,,
Mean,3.23,1.3,7.24,1.08,13.32,19.76,DEP038213,Milk Donors-Raw,7/31/2025 8:30:35 AM
StdDev,0.009,0.003,0.016,0.001,0.015,0.012,,,
,,,,,,,,,
DEP038076,,Milk Donors-Raw,,,,,,,
,Fat,Protein,Lactose,Nutr Pro,Solids,Cal,,,
Replicate,g/100g,g/100g,g/100g,g/100g,g/100g,-,,,
#01,3,1.01,7.24,0.95,12.71,18.61,,,
#02,3.01,1.01,7.26,0.95,12.73,18.65,,,
#03,3,1.01,7.27,0.95,12.73,18.65,,,
Mean,3,1.01,7.25,0.95,12.72,18.64,DEP038076,Milk Donors-Raw,7/30/2025 8:29:28 AM
StdDev,0.003,0.001,0.014,0,0.016,0.022,,,
,,,,,,,,,
DEP037988,,Milk Donors-Raw,,,,,,,
,Fat,Protein,Lactose,Nutr Pro,Solids,Cal,,,
Replicate,g/100g,g/100g,g/100g,g/100g,g/100g,-,,,
#01,2.74,1.34,6.19,1.1,11.7,17.23,,,
#02,2.75,1.35,6.23,1.1,11.75,17.29,,,
#03,2.73,1.35,6.21,1.1,11.73,17.24,,,
Mean,2.74,1.35,6.21,1.1,11.73,17.25,DEP037988,Milk Donors-Raw,8/1/2025 8:04:19 AM
StdDev,0.007,0.003,0.02,0.001,0.025,0.034,,,
,,,,,,,,,
DEP037894,,Milk Donors-Raw,,,,,,,
,Fat,Protein,Lactose,Nutr Pro,Solids,Cal,,,
Replicate,g/100g,g/100g,g/100g,g/100g,g/100g,-,,,
#01,4.37,1.11,7.46,1,14.86,22.85,,,
#02,4.36,1.11,7.46,1,14.87,22.83,,,
#03,4.39,1.11,7.46,1,14.88,22.91,,,
Mean,4.38,1.11,7.46,1,14.87,22.86,DEP037894,Milk Donors-Raw,7/30/2025 8:32:26 AM
StdDev,0.013,0,0.004,0,0.009,0.038,,,
,,,,,,,,,
DEP037861,,Milk Donors-Raw,,,,,,,
,Fat,Protein,Lactose,Nutr Pro,Solids,Cal,,,
Replicate,g/100g,g/100g,g/100g,g/100g,g/100g,-,,,
#01,3.89,1.18,7.04,1.03,13.75,21.15,,,
#02,3.89,1.18,7.09,1.03,13.82,21.2,,,
#03,3.88,1.18,7.06,1.03,13.78,21.14,,,
Mean,3.89,1.18,7.07,1.03,13.78,21.17,DEP037861,Milk Donors-Raw,7/28/2025 8:04:25 AM
StdDev,0.006,0.001,0.025,0,0.032,0.032,,,
,,,,,,,,,
DEP037811,,Milk Donors-Raw,,,,,,,
,Fat,Protein,Lactose,Nutr Pro,Solids,Cal,,,
Replicate,g/100g,g/100g,g/100g,g/100g,g/100g,-,,,
#01,2.38,1.02,7.12,0.96,11.78,16.77,,,
#02,2.39,1.03,7.12,0.96,11.77,16.79,,,
#03,2.36,1.03,7.14,0.96,11.8,16.76,,,
Mean,2.38,1.03,7.13,0.96,11.79,16.78,DEP037811,Milk Donors-Raw,7/30/2025 8:20:46 AM
StdDev,0.011,0.004,0.01,0.002,0.014,0.016,,,
,,,,,,,,,
DEP037806,,Milk Donors-Raw,,,,,,,
,Fat,Protein,Lactose,Nutr Pro,Solids,Cal,,,
Replicate,g/100g,g/100g,g/100g,g/100g,g/100g,-,,,
#01,2.24,1.01,6.86,0.95,11.33,16.07,,,
#02,2.24,1.02,6.89,0.95,11.37,16.09,,,
#03,2.26,1.01,6.87,0.95,11.33,16.11,,,
Mean,2.25,1.01,6.87,0.95,11.34,16.09,DEP037806,Milk Donors-Raw,7/31/2025 8:10:59 AM
StdDev,0.01,0.005,0.014,0.002,0.019,0.015,,,
,,,,,,,,,
DEP037798,,Milk Donors-Raw,,,,,,,
,Fat,Protein,Lactose,Nutr Pro,Solids,Cal,,,
Replicate,g/100g,g/100g,g/100g,g/100g,g/100g,-,,,
#01,4.2,1.02,7.27,0.96,14.38,22.01,,,
#02,4.21,1.02,7.26,0.96,14.36,22.02,,,
#03,4.19,1.03,7.28,0.96,14.39,22,,,
Mean,4.2,1.02,7.27,0.96,14.38,22.01,DEP037798,Milk Donors-Raw,8/1/2025 8:27:07 AM
StdDev,0.01,0.002,0.012,0.001,0.014,0.01,,,
,,,,,,,,,
DEP037741,,Milk Donors-Raw,,,,,,,
,Fat,Protein,Lactose,Nutr Pro,Solids,Cal,,,
Replicate,g/100g,g/100g,g/100g,g/100g,g/100g,-,,,
#01,3.55,0.94,7.15,0.92,13.14,19.93,,,
#02,3.56,0.93,7.15,0.92,13.13,19.93,,,
#03,3.55,0.94,7.17,0.92,13.15,19.94,,,
Mean,3.56,0.94,7.16,0.92,13.14,19.93,DEP037741,Milk Donors-Raw,7/28/2025 8:11:53 AM
StdDev,0.003,0.002,0.01,0.001,0.011,0.007,,,
,,,,,,,,,
DEP037738,,Milk Donors-Raw,,,,,,,
,Fat,Protein,Lactose,Nutr Pro,Solids,Cal,,,
Replicate,g/100g,g/100g,g/100g,g/100g,g/100g,-,,,
#01,3.91,0.9,6.76,0.9,13.26,20.39,,,
#02,3.9,0.91,6.79,0.9,13.3,20.4,,,
#03,3.91,0.9,6.78,0.9,13.28,20.42,,,
Mean,3.91,0.9,6.78,0.9,13.28,20.4,DEP037738,Milk Donors-Raw,7/31/2025 8:33:30 AM
StdDev,0.008,0.003,0.013,0.001,0.02,0.015,,,
,,,,,,,,,
DEP037727,,Milk Donors-Raw,,,,,,,
,Fat,Protein,Lactose,Nutr Pro,Solids,Cal,,,
Replicate,g/100g,g/100g,g/100g,g/100g,g/100g,-,,,
#01,3.44,1.07,6.95,0.98,12.95,19.59,,,
#02,3.43,1.06,6.95,0.97,12.93,19.55,,,
#03,3.42,1.06,6.96,0.97,12.94,19.53,,,
Mean,3.43,1.06,6.95,0.97,12.94,19.56,DEP037727,Milk Donors-Raw,7/31/2025 8:05:24 AM
StdDev,0.011,0.005,0.008,0.002,0.01,0.033,,,
,,,,,,,,,
DEP037615,,Milk Donors-Raw,,,,,,,
,Fat,Protein,Lactose,Nutr Pro,Solids,Cal,,,
Replicate,g/100g,g/100g,g/100g,g/100g,g/100g,-,,,
#01,4.27,1.07,6.85,0.98,14.08,21.8,,,
#02,4.28,1.07,6.87,0.98,14.1,21.84,,,
#03,4.28,1.07,6.88,0.98,14.11,21.85,,,
Mean,4.28,1.07,6.87,0.98,14.1,21.83,DEP037615,Milk Donors-Raw,8/1/2025 8:02:47 AM
StdDev,0.006,0.002,0.012,0.001,0.015,0.027,,,
,,,,,,,,,
DEP037558,,Milk Donors-Raw,,,,,,,
,Fat,Protein,Lactose,Nutr Pro,Solids,Cal,,,
Replicate,g/100g,g/100g,g/100g,g/100g,g/100g,-,,,
#01,4.09,1.13,7.06,1,13.94,21.63,,,
#02,4.09,1.13,7.08,1.01,13.97,21.66,,,
#03,4.07,1.13,7.1,1,13.98,21.63,,,
Mean,4.08,1.13,7.08,1,13.96,21.64,DEP037558,Milk Donors-Raw,8/1/2025 8:00:35 AM
StdDev,0.009,0.001,0.017,0.001,0.019,0.019,,,
,,,,,,,,,
DEP037527,,Milk Donors-Raw,,,,,,,
,Fat,Protein,Lactose,Nutr Pro,Solids,Cal,,,
Replicate,g/100g,g/100g,g/100g,g/100g,g/100g,-,,,
#01,3.96,1.35,7.18,1.11,14.34,21.8,,,
#02,3.96,1.35,7.15,1.1,14.29,21.76,,,
#03,3.97,1.35,7.19,1.11,14.34,21.82,,,
Mean,3.96,1.35,7.17,1.1,14.32,21.79,DEP037527,Milk Donors-Raw,8/1/2025 8:12:11 AM
StdDev,0.001,0.003,0.018,0.002,0.027,0.028,,,
,,,,,,,,,
DEP037478,,Milk Donors-Raw,,,,,,,
,Fat,Protein,Lactose,Nutr Pro,Solids,Cal,,,
Replicate,g/100g,g/100g,g/100g,g/100g,g/100g,-,,,
#01,3.71,0.89,7.19,0.89,13.35,20.31,,,
#02,3.71,0.9,7.19,0.9,13.37,20.33,,,
#03,3.72,0.89,7.18,0.9,13.35,20.33,,,
Mean,3.71,0.89,7.19,0.9,13.36,20.32,DEP037478,Milk Donors-Raw,8/1/2025 8:21:50 AM
StdDev,0.005,0.005,0.005,0.002,0.01,0.011,,,
,,,,,,,,,
DEP037476,,Milk Donors-Raw,,,,,,,
,Fat,Protein,Lactose,Nutr Pro,Solids,Cal,,,
Replicate,g/100g,g/100g,g/100g,g/100g,g/100g,-,,,
#01,4.18,1.8,6.94,1.31,14.98,22.87,,,
#02,4.17,1.79,6.94,1.3,14.97,22.84,,,
#03,4.17,1.79,6.96,1.3,14.99,22.84,,,
Mean,4.17,1.79,6.95,1.3,14.98,22.85,DEP037476,Milk Donors-Raw,8/1/2025 7:58:31 AM
StdDev,0.008,0.004,0.009,0.002,0.007,0.016,,,
,,,,,,,,,
DEP037407,,Milk Donors-Raw,,,,,,,
,Fat,Protein,Lactose,Nutr Pro,Solids,Cal,,,
Replicate,g/100g,g/100g,g/100g,g/100g,g/100g,-,,,
#01,3.41,1.17,7.26,1.02,13.49,20.06,,,
#02,3.41,1.18,7.26,1.03,13.49,20.06,,,
#03,3.41,1.18,7.27,1.03,13.51,20.06,,,
Mean,3.41,1.18,7.26,1.03,13.5,20.06,DEP037407,Milk Donors-Raw,8/1/2025 8:08:42 AM
StdDev,0.002,0.002,0.005,0.001,0.01,0.001,,,
,,,,,,,,,
DEP037346,,Milk Donors-Raw,,,,,,,
,Fat,Protein,Lactose,Nutr Pro,Solids,Cal,,,
Replicate,g/100g,g/100g,g/100g,g/100g,g/100g,-,,,
#01,3.94,1.06,7.19,0.97,13.82,21.26,,,
#02,3.93,1.06,7.18,0.97,13.81,21.22,,,
#03,3.95,1.06,7.18,0.97,13.8,21.25,,,
Mean,3.94,1.06,7.18,0.97,13.81,21.24,DEP037346,Milk Donors-Raw,7/28/2025 8:29:52 AM
StdDev,0.006,0.003,0.005,0.001,0.006,0.017,,,
,,,,,,,,,
DEP037314,,Milk Donors-Raw,,,,,,,
,Fat,Protein,Lactose,Nutr Pro,Solids,Cal,,,
Replicate,g/100g,g/100g,g/100g,g/100g,g/100g,-,,,
#01,3.44,0.85,7.38,0.88,13.42,19.73,,,
#02,3.44,0.85,7.38,0.88,13.4,19.72,,,
#03,3.43,0.86,7.42,0.88,13.46,19.76,,,
Mean,3.44,0.85,7.39,0.88,13.42,19.74,DEP037314,Milk Donors-Raw,7/29/2025 8:16:55 AM
StdDev,0.004,0.005,0.023,0.002,0.031,0.023,,,
,,,,,,,,,
DEP037287,,Milk Donors-Raw,,,,,,,
,Fat,Protein,Lactose,Nutr Pro,Solids,Cal,,,
Replicate,g/100g,g/100g,g/100g,g/100g,g/100g,-,,,
#01,4.15,1.18,7.22,1.03,14.3,22.08,,,
#02,4.15,1.18,7.22,1.03,14.3,22.08,,,
#03,4.14,1.18,7.2,1.03,14.26,22.04,,,
Mean,4.15,1.18,7.22,1.03,14.28,22.06,DEP037287,Milk Donors-Raw,7/28/2025 8:22:43 AM
StdDev,0.003,0.001,0.012,0,0.022,0.023,,,
,,,,,,,,,
DEP037260,,Milk Donors-Raw,,,,,,,
,Fat,Protein,Lactose,Nutr Pro,Solids,Cal,,,
Replicate,g/100g,g/100g,g/100g,g/100g,g/100g,-,,,
#01,3.33,1.03,8.23,0.96,14.42,20.74,,,
#02,3.34,1.04,8.23,0.96,14.43,20.78,,,
#03,3.33,1.05,8.26,0.97,14.48,20.82,,,
Mean,3.33,1.04,8.24,0.96,14.44,20.78,DEP037260,Milk Donors-Raw,7/30/2025 8:28:01 AM
StdDev,0.007,0.008,0.017,0.004,0.032,0.038,,,
,,,,,,,,,
DEP037185,,Milk Donors-Raw,,,,,,,
,Fat,Protein,Lactose,Nutr Pro,Solids,Cal,,,
Replicate,g/100g,g/100g,g/100g,g/100g,g/100g,-,,,
#01,3.54,1.42,7.12,1.14,13.99,20.67,,,
#02,3.54,1.42,7.16,1.14,14.02,20.71,,,
#03,3.54,1.42,7.15,1.14,14.01,20.71,,,
Mean,3.54,1.42,7.14,1.14,14,20.7,DEP037185,Milk Donors-Raw,7/28/2025 8:07:58 AM
StdDev,0.002,0.001,0.018,0.001,0.016,0.023,,,
,,,,,,,,,
DEP037128,,Milk Donors-Raw,,,,,,,
,Fat,Protein,Lactose,Nutr Pro,Solids,Cal,,,
Replicate,g/100g,g/100g,g/100g,g/100g,g/100g,-,,,
#01,3.74,1.39,7.18,1.12,14.22,21.25,,,
#02,3.74,1.39,7.19,1.12,14.22,21.24,,,
#03,3.74,1.39,7.19,1.12,14.23,21.27,,,
Mean,3.74,1.39,7.19,1.12,14.22,21.25,DEP037128,Milk Donors-Raw,7/29/2025 8:41:52 AM
StdDev,0.003,0.004,0.006,0.002,0.006,0.013,,,
,,,,,,,,,
DEP036832,,Milk Donors-Raw,,,,,,,
,Fat,Protein,Lactose,Nutr Pro,Solids,Cal,,,
Replicate,g/100g,g/100g,g/100g,g/100g,g/100g,-,,,
#01,3.43,0.89,7.32,0.9,13.39,19.72,,,
#02,3.44,0.9,7.33,0.9,13.41,19.75,,,
#03,3.43,0.89,7.33,0.9,13.41,19.72,,,
Mean,3.43,0.89,7.33,0.9,13.4,19.73,DEP036832,Milk Donors-Raw,8/1/2025 8:14:25 AM
StdDev,0.006,0.001,0.01,0.001,0.014,0.02,,,
,,,,,,,,,
DEP036674,,Milk Donors-Raw,,,,,,,
,Fat,Protein,Lactose,Nutr Pro,Solids,Cal,,,
Replicate,g/100g,g/100g,g/100g,g/100g,g/100g,-,,,
#01,4.91,0.87,7.26,0.89,15.26,23.72,,,
#02,4.92,0.88,7.28,0.89,15.29,23.76,,,
#03,4.91,0.88,7.3,0.89,15.32,23.77,,,
Mean,4.91,0.88,7.28,0.89,15.29,23.75,DEP036674,Milk Donors-Raw,7/29/2025 8:20:50 AM
StdDev,0.003,0.003,0.02,0.001,0.034,0.029,,,
,,,,,,,,,
DEP036592,,Milk Donors-Raw,,,,,,,
,Fat,Protein,Lactose,Nutr Pro,Solids,Cal,,,
Replicate,g/100g,g/100g,g/100g,g/100g,g/100g,-,,,
#01,3.27,1.31,7.22,1.08,13.56,19.86,,,
#02,3.27,1.31,7.23,1.08,13.57,19.86,,,
#03,3.28,1.31,7.21,1.08,13.54,19.86,,,
Mean,3.27,1.31,7.22,1.08,13.55,19.86,DEP036592,Milk Donors-Raw,8/1/2025 8:10:27 AM
StdDev,0.003,0.001,0.009,0,0.013,0.003,,,
,,,,,,,,,
DEP036542,,Milk Donors-Raw,,,,,,,
,Fat,Protein,Lactose,Nutr Pro,Solids,Cal,,,
Replicate,g/100g,g/100g,g/100g,g/100g,g/100g,-,,,
#01,3.49,1.08,7.09,0.98,13.48,19.9,,,
#02,3.49,1.08,7.08,0.98,13.47,19.9,,,
#03,3.49,1.08,7.09,0.98,13.5,19.93,,,
Mean,3.49,1.08,7.09,0.98,13.48,19.91,DEP036542,Milk Donors-Raw,7/30/2025 8:30:55 AM
StdDev,0.004,0.004,0.002,0.002,0.013,0.021,,,
,,,,,,,,,
DEP036531,,Milk Donors-Raw,,,,,,,
,Fat,Protein,Lactose,Nutr Pro,Solids,Cal,,,
Replicate,g/100g,g/100g,g/100g,g/100g,g/100g,-,,,
#01,3.75,0.89,6.94,0.9,13.18,20.13,,,
#02,3.75,0.89,6.94,0.9,13.19,20.15,,,
#03,3.76,0.89,6.95,0.89,13.2,20.18,,,
Mean,3.75,0.89,6.94,0.9,13.19,20.15,DEP036531,Milk Donors-Raw,8/1/2025 8:29:30 AM
StdDev,0.007,0.003,0.005,0.001,0.009,0.023,,,
,,,,,,,,,
DEP036451,,Milk Donors-Raw,,,,,,,
,Fat,Protein,Lactose,Nutr Pro,Solids,Cal,,,
Replicate,g/100g,g/100g,g/100g,g/100g,g/100g,-,,,
#01,4.27,1.45,7.21,1.15,14.88,22.85,,,
#02,4.28,1.46,7.18,1.15,14.86,22.85,,,
#03,4.27,1.45,7.21,1.15,14.88,22.86,,,
Mean,4.27,1.45,7.2,1.15,14.87,22.85,DEP036451,Milk Donors-Raw,7/28/2025 8:28:10 AM
StdDev,0.005,0.003,0.016,0.001,0.012,0.006,,,
,,,,,,,,,
DEP036254,,Milk Donors-Raw,,,,,,,
,Fat,Protein,Lactose,Nutr Pro,Solids,Cal,,,
Replicate,g/100g,g/100g,g/100g,g/100g,g/100g,-,,,
#01,3.61,1.07,6.87,0.98,13.13,19.99,,,
#02,3.6,1.07,6.88,0.98,13.13,19.97,,,
#03,3.6,1.07,6.89,0.98,13.14,19.96,,,
Mean,3.6,1.07,6.88,0.98,13.13,19.98,DEP036254,Milk Donors-Raw,7/31/2025 8:26:51 AM
StdDev,0.01,0.001,0.009,0.001,0.007,0.016,,,
